{
  "playwright.config.ts": 1777391598.76224,
  "tests/e2e/demo-flow.spec.ts": 1777401339.8658538,
  "scripts/smoke.ts": 1777398902.216725,
  "scripts/demoReset.ts": 1777354830.5210986,
  "scripts/licenseCheck.ts": 1777365143.882515,
  "scripts/complianceCheck.ts": 1777365160.0645764,
  "scripts/demoSoftwareCompany.ts": 1777392465.5101748,
  "apps/web/tailwind.config.js": 1777349684.8407192,
  "apps/web/vite.config.ts": 1777349684.8234758,
  "apps/web/postcss.config.js": 1777349684.8573766,
  "apps/web/src/App.tsx": 1777400440.1011505,
  "apps/web/src/main.tsx": 1777350401.4690592,
  "apps/web/src/components/ui/Card.tsx": 1777350213.9977486,
  "apps/web/src/components/ui/Badge.tsx": 1777350214.0138147,
  "apps/web/src/components/ui/Button.tsx": 1777350213.9822435,
  "apps/web/src/components/layout/PageHeader.tsx": 1777350214.046651,
  "apps/web/src/components/layout/Layout.tsx": 1777400412.7187805,
  "apps/web/src/hooks/useSetupStatus.ts": 1777350213.9499934,
  "apps/web/src/hooks/useApi.ts": 1777350213.9304028,
  "apps/web/src/hooks/useRunEvents.ts": 1777350213.9668367,
  "apps/web/src/api/client.ts": 1777372157.3299239,
  "apps/web/src/pages/GoalsPage.tsx": 1777394897.904549,
  "apps/web/src/pages/LoginPage.tsx": 1777398887.0805714,
  "apps/web/src/pages/AgentDetailPage.tsx": 1777358019.4358497,
  "apps/web/src/pages/RunsPage.tsx": 1777359406.0171356,
  "apps/web/src/pages/SOPPage.tsx": 1777400345.895725,
  "apps/web/src/pages/AnalyticsPage.tsx": 1777400305.7651114,
  "apps/web/src/pages/ChatCommandPage.tsx": 1777401295.0033314,
  "apps/web/src/pages/CompanyBoardPage.tsx": 1777390801.373343,
  "apps/web/src/pages/ProjectsPage.tsx": 1777357869.205361,
  "apps/web/src/pages/SettingsPage.tsx": 1777359310.6803277,
  "apps/web/src/pages/WorkProductsPage.tsx": 1777400456.95715,
  "apps/web/src/pages/AgentsPage.tsx": 1777390775.736992,
  "apps/web/src/pages/DepartmentsPage.tsx": 1777370082.784631,
  "apps/web/src/pages/SchedulesPage.tsx": 1777357869.2396715,
  "apps/web/src/pages/AuditLogsPage.tsx": 1777359357.7101376,
  "apps/web/src/pages/MemoryPage.tsx": 1777350380.6677186,
  "apps/web/src/pages/SalesPage.tsx": 1777400384.5592368,
  "apps/web/src/pages/SetupPage.tsx": 1777369991.1908863,
  "apps/web/src/pages/FounderDesk.tsx": 1777390818.105513,
  "apps/web/src/pages/FilesPage.tsx": 1777359377.9912338,
  "apps/web/src/pages/TasksPage.tsx": 1777358163.1355913,
  "apps/web/src/pages/ApprovalsPage.tsx": 1777370054.4384334,
  "apps/web/src/pages/ToolsPage.tsx": 1777350380.6258166,
  "apps/web/src/pages/ResourcePage.tsx": 1777358019.473798,
  "apps/server/src/types.d.ts": 1777350623.683555,
  "apps/server/src/config.ts": 1777349764.5596657,
  "apps/server/src/server.ts": 1777400206.2903354,
  "apps/server/src/tools/LeadTrackerTool.ts": 1777400125.5867126,
  "apps/server/src/tools/FileTool.ts": 1777349923.7892332,
  "apps/server/src/tools/EmailDraftTool.ts": 1777349923.8349786,
  "apps/server/src/tools/BaseTool.ts": 1777349923.7729244,
  "apps/server/src/tools/HttpApiTool.ts": 1777349923.8495543,
  "apps/server/src/tools/InvoiceTool.ts": 1777400103.163232,
  "apps/server/src/tools/WebResearchTool.ts": 1777401874.1979215,
  "apps/server/src/tools/DocumentTool.ts": 1777349923.819721,
  "apps/server/src/tools/SocialDraftTool.ts": 1777400085.7537117,
  "apps/server/src/tools/CodeSandboxTool.ts": 1777350623.665371,
  "apps/server/src/security/safePaths.ts": 1777349764.5755768,
  "apps/server/src/security/localAuth.ts": 1777398869.6019862,
  "apps/server/src/security/permissions.ts": 1777349764.6670854,
  "apps/server/src/security/sessions.ts": 1777349764.6527023,
  "apps/server/src/scheduler/scheduler.ts": 1777354520.8258612,
  "apps/server/src/utils/extractJson.ts": 1777393464.4935548,
  "apps/server/src/utils/json.ts": 1777349764.5127158,
  "apps/server/src/utils/ids.ts": 1777349764.4953601,
  "apps/server/src/utils/errors.ts": 1777372059.839262,
  "apps/server/src/utils/logger.ts": 1777354661.7535791,
  "apps/server/src/utils/time.ts": 1777349764.4721813,
  "apps/server/src/ai/mock.ts": 1777392379.095337,
  "apps/server/src/ai/ollama.ts": 1777390621.9602668,
  "apps/server/src/ai/anthropic.ts": 1777390606.342496,
  "apps/server/src/ai/modelPresets.ts": 1777390555.6758583,
  "apps/server/src/ai/providerStatus.ts": 1777393494.6973217,
  "apps/server/src/ai/openai.ts": 1777390600.0758665,
  "apps/server/src/ai/providers.ts": 1777393469.8284044,
  "apps/server/src/ai/gemini.ts": 1777393478.6832764,
  "apps/server/src/ai/openrouter.ts": 1777390612.5271168,
  "apps/server/src/db/migrate.ts": 1777372350.732254,
  "apps/server/src/db/seed.ts": 1777372136.020916,
  "apps/server/src/db/index.ts": 1777349764.5914395,
  "apps/server/src/api/departments.ts": 1777350157.793995,
  "apps/server/src/api/schedules.ts": 1777350157.862132,
  "apps/server/src/api/helpers.ts": 1777354597.7100236,
  "apps/server/src/api/runs.ts": 1777350133.756826,
  "apps/server/src/api/projects.ts": 1777350157.8286755,
  "apps/server/src/api/companies.ts": 1777350157.7728434,
  "apps/server/src/api/settings.ts": 1777392420.9536533,
  "apps/server/src/api/sops.ts": 1777400197.7120063,
  "apps/server/src/api/setup.ts": 1777398881.8131816,
  "apps/server/src/api/chat.ts": 1777404705.6792755,
  "apps/server/src/api/agents.ts": 1777350157.8112688,
  "apps/server/src/api/resourceRoutes.ts": 1777372143.3542414,
  "apps/server/src/api/tools.ts": 1777350157.8786914,
  "apps/server/src/api/events.ts": 1777350070.7682629,
  "apps/server/src/api/goals.ts": 1777401318.848476,
  "apps/server/src/api/memory.ts": 1777350157.8942356,
  "apps/server/src/api/approvals.ts": 1777350133.7379932,
  "apps/server/src/api/audit.ts": 1777350157.9254785,
  "apps/server/src/api/tasks.ts": 1777350157.8455887,
  "apps/server/src/api/backup.ts": 1777350671.4047275,
  "apps/server/src/api/files.ts": 1777350133.7912562,
  "apps/server/src/api/auth.ts": 1777398876.3290162,
  "apps/server/src/api/workProducts.ts": 1777350157.9102027,
  "apps/server/src/engine/AgentRunner.ts": 1777390680.3894796,
  "apps/server/src/engine/ApprovalGate.ts": 1777350011.1420825,
  "apps/server/src/engine/DailyReport.ts": 1777350070.8290539,
  "apps/server/src/engine/AgentFactory.ts": 1777372365.542791,
  "apps/server/src/engine/CEOCompanyBuilder.ts": 1777393554.2432456,
  "apps/server/src/engine/JobRunner.ts": 1777350070.846479,
  "apps/server/src/engine/SOPRunner.ts": 1777400162.2474172,
  "apps/server/src/engine/TaskPlanner.ts": 1777350070.8113418,
  "apps/server/src/engine/AutopilotLoop.ts": 1777400183.6132827,
  "apps/server/src/engine/CEOPlanner.ts": 1777400066.275618,
  "apps/server/src/engine/MemoryManager.ts": 1777350011.2162747,
  "apps/server/src/engine/modelResolver.ts": 1777392412.4414418,
  "apps/server/src/engine/ToolExecutor.ts": 1777400140.015111,
  "apps/server/src/vault/localVault.ts": 1777349764.680543,
  "THIRD_PARTY_NOTICES.md": 1777365143.940973,
  "README.md": 1777370949.7257056,
  "LICENSE_COMPLIANCE.md": 1777365143.9234226,
  "data/work-products/readme-md-1777405305435.md": 1777405305.4365408,
  "data/work-products/analytics-tracking-implementation-plan-novastack-ai-landing-page-1777401541996.md": 1777401541.9967892,
  "data/files/product-notes.md": 1777400719.4229949,
  "data/files/brand-voice.md": 1777400719.4232466,
  "data/files/target-customers.md": 1777400719.4231615,
  "apps/web/index.html": 1777349684.8752081
}